time,process_id,action,resource_id
0,P29,request,R29
1,P1,request,R1
2,P21,request,R21
3,P24,request,R24
4,P17,request,R17
5,P13,request,R13
6,P14,request,R14
7,P19,request,R19
8,P10,request,R10
9,P35,request,R35
10,P11,request,R11
11,P36,request,R36
12,P5,request,R5
13,P34,request,R34
14,P32,request,R32
15,P8,request,R8
16,P38,request,R38
17,P18,request,R18
18,P16,request,R16
19,P15,request,R15
20,P20,request,R20
21,P25,request,R25
22,P12,request,R12
23,P2,request,R2
24,P33,request,R33
25,P4,request,R4
26,P26,request,R26
27,P23,request,R23
28,P9,request,R9
29,P31,request,R31
30,P28,request,R28
31,P30,request,R30
32,P27,request,R27
33,P37,request,R37
34,P7,request,R7
35,P3,request,R3
36,P6,request,R6
37,P22,request,R22
38,P16,request,R34
39,P34,request,R15
40,P15,request,R6
41,P6,request,R7
42,P7,request,R3
43,P3,request,R37
44,P4,request,R33
45,P3,request,R24
46,P7,request,R8
47,P27,request,R31
48,P6,request,R20
49,P19,request,R26
50,P6,request,R19
51,P21,request,R24
52,P21,request,R31
53,P8,request,R23
54,P5,request,R20
55,P6,request,R35
56,P16,request,R27
57,P6,request,R2
58,P28,request,R33
59,P9,request,R29
60,P25,request,R27
61,P4,request,R32
62,P16,request,R30
63,P7,request,R9
64,P4,request,R14
65,P6,request,R5
66,P2,request,R13
67,P30,request,R39
68,P11,request,R40
69,P7,request,R41
70,P8,request,R42
71,P24,request,R43
72,P37,request,R16
73,P7,request,R44
74,P34,request,R45
75,P7,request,R46
76,P12,request,R47
77,P26,request,R48
78,P23,request,R49
79,P21,request,R50
80,P13,request,R51
81,P5,request,R52
82,P29,request,R53
83,P31,request,R54
84,P4,request,R55
85,P31,request,R56
86,P34,request,R57
87,P12,request,R58
88,P7,request,R59
